002287276-0,Midnight Movies: From the Margin to the Mainstream,Teal,59,2003,2014
578006711-2,Lie with Me,Red,70,1996,0
564862054-3,The Deep Six,Red,330,1994,2020
914507896-3,Our Curse,Puce,593,1996,2014
535372241-8,"Bribe The",Red,60,2008,2005
342260076-0,Summer and Smoke,Violet,131,1993,2016
802114043-7,Child Bride,Blue,634,2000,2014
741063772-2,Triangle (Tie saam gok),Puce,980,1995,2009
310999205-1,Simon,Puce,33,1998,2013
406537634-3,Geography Club,Orange,9,2005,2019
695303073-9,"Official Story The (La historia oficial)",Blue,484,2008,2009
867121495-8,"Return of Doctor X The",Purple,4295,2008,2010
526687328-0,G.I. Joe: Retaliation,Purple,1319,1994,2012
992211155-1,Iron Eagle,Red,126,1998,2013
610367713-0,Swept Away,Crimson,3115,2009,0
121297211-2,Endeavour,Purple,24,1997,2007
758745995-2,2019: After the Fall of New York,Puce,326,2003,2015
798624638-3,"Impostors The",Yellow,186,2011,2013
099099923-8,"Switch The",Pink,222,1991,2007
197450750-5,Iron Man: Rise Of Technovore,Mauv,23,1972,2001
043124659-9,Pump Up the Volume,Green,4898,2011,2011
786505480-7,"Woman Who Drinks The (La femme qui boit)",Green,96,1977,2011
054085188-4,Santos,Purple,16,1985,2005
518420222-6,"Not with My Wife You Don't!",Teal,2999,2001,2018
240665459-1,Road Games (a.k.a. Roadgames),Blue,142,1996,2001
063034261-X,"Ghost Ship The",Khaki,19,1993,2018
047598805-1,"Stooge The",Fuscia,2930,2011,2013
609195614-0,Imagine: John Lennon,Mauv,595,1994,2006
098329060-1,Intolerance: Love's Struggle Throughout the Ages,Purple,14,1994,2000
973940095-7,Scarlet Street,Puce,791,1995,2014
080463520-X,"Stolen Life A",Teal,2589,2003,2016
233946939-2,Road to Morocco,Maroon,13,1993,2017
586245370-9,"Letter The",Maroon,2373,2000,2015
314531367-3,"Spring Summer Fall Winter... and Spring (Bom yeoreum gaeul gyeoul geurigo bom)",Yellow,4900,2006,2011
006958705-1,Avatar,Goldenrod,24,1988,2004
615174301-6,Backtrack (Catchfire),Indigo,495,1973,2020
432033486-8,3:10 to Yuma,Turquoise,1051,1966,2012
338905744-7,Burn Notice: The Fall of Sam Axe,Green,646,2012,2007
804255783-3,Watchmen,Turquoise,71,2006,2014
967813644-9,Only Yesterday (Omohide poro poro),Purple,613,2005,2018
133113283-5,Control,Khaki,30,2002,2004
804505716-5,Fighter,Fuscia,129,2001,2016
173119147-2,Making Contact (a.k.a. Joey),Indigo,46,2012,2019
090427201-X,"Last Legion The",Purple,90,1994,2011
866334115-6,"Woman Chaser The",Pink,36,1992,2011
833005848-4,"Knight's Tale A",Puce,,2008,2014
361891049-5,Southern District (Zona Sur),Yellow,73,1999,2015
477280780-2,"Three Musketeers The",Blue,629,2000,2013
908803141-X,Brightness (Yeelen),Puce,101,2007,2013
510700724-4,Housekeeping,Turquoise,242,1991,2007
834385716-X,Airheads,Aquamarine,70,1987,2014
852312790-9,"Parallax View The",Crimson,775,1998,2009
925962193-3,Deterrence,Yellow,,1992,2000
445687485-6,The Boy in the Mirror,Khaki,28,2009,2014
685996341-7,Straw Dogs,Puce,425,2004,2016
544419813-4,Hoot,Pink,20,2009,2020
406564171-3,"Where Angels Go Trouble Follows",Violet,360,2003,2005
297859599-X,Venus Wars (Venus Senki),Purple,374,1992,2007
653873779-X,Stars and Bars,Indigo,846,1986,2009
724595119-5,Harlan County U.S.A.,Fuscia,49,2009,2003
826747055-7,"Adventures of Rocky and Bullwinkle The",Orange,1033,2007,2014
965724606-7,"Snapper The",Maroon,2000,2000,2003
368107968-4,.45,Crimson,155,2005,2018
283166264-8,Who Is Harry Nilsson (And Why Is Everybody Talkin' About Him?),Maroon,24,2002,2016
061542188-1,Life After Tomorrow,Orange,394,2001,2011
244539127-X,Love Steaks,Mauv,67,2008,2011
528698439-8,Voll Normaaal,Green,721,1998,2012
365301021-7,"Me Myself and Mum (Les garçons et Guillaume à table!)",Indigo,6,2002,2014
794745739-5,Heavenly Forest,Aquamarine,1642,1998,2010
038008008-7,Amazing Grace,Crimson,204,1998,2017
061240258-4,"Truth of Lie The (Die Wahrheit der Lüge)",Orange,,2011,2016
522143562-4,Coming Home,Purple,7590,1993,2014
884516724-0,Hellsinki (Rööperi),Indigo,7369,2002,2018
223554037-6,Barry Munday,Maroon,59,2010,2015
006848177-2,Take This Job and Shove It,Fuscia,119,1989,2015
023518210-9,Mary,Violet,261,2001,2020
189348923-X,"Crow: City of Angels The",Aquamarine,10,1978,2014
638005518-5,"Peacekeeper The",Yellow,42,1993,2013
945100183-2,Poklosie,Pink,4949,2003,2014
520836143-4,"Extremely Goofy Movie An",Puce,545,2002,2010
498347067-0,"Act in Question The (Acto en cuestión El)",Turquoise,834,2005,2010
904485072-5,Isadora,Orange,69,1987,2013
412625157-X,Lost in the Desert,Green,16,2011,2004
051234933-9,Overnight,Aquamarine,1169,2010,2017
365668269-0,Hated,Indigo,597,1999,2011
121060227-X,Tetsuo II: Body Hammer,Purple,42,1996,2015
047386231-X,Spiral,Red,577,2003,2014
684766691-9,Hamlet,Turquoise,200,1996,2009
956775208-7,Maternal Halfbrothers (Braca po materi),Purple,,1992,2019
871516446-2,"Breaktime The (Zang-e Tafrih) (Recess)",Khaki,35,2005,2015
914223679-7,Tru Confessions,Green,7892,2011,2018
600698675-2,I'm No Angel,Red,315,2008,2020
277242060-4,Stealing Home,Goldenrod,59,1992,2008
615532015-2,Sarah Silverman:  We Are Miracles,Red,320,1986,2003
334009260-5,Indiana Jones and the Last Crusade,Turquoise,2267,2012,2014
676424146-5,Neverwhere,Goldenrod,15,2006,2005
647467106-8,"Best Man The",Violet,82,2005,2006
338073120-X,Spy Kids 2: The Island of Lost Dreams,Goldenrod,233,1988,2013
959494774-8,Everything,Indigo,48,2008,2016
462666512-8,Daisy,Aquamarine,52,1999,2012
920951137-9,G,Aquamarine,189,2007,2004
581561978-7,Starter for 10,Goldenrod,23,2004,2015
073138589-6,"Grass Is Greener The",Green,630,1991,2012
289512298-9,"Live and Become (Va vis et deviens)",Blue,75,2003,2020
846434389-2,Evita,Fuscia,690,1989,2016
439159478-1,Tag: The Assassination Game (a.k.a. Everybody Gets It in the End),Orange,1306,1992,2007
102235683-6,Harum Scarum,Violet,372,1991,2020
862472802-9,Funny Face,Khaki,78,2009,2015
324535152-6,Chhoti Si Baat,Turquoise,650,1998,2012
760318624-2,Restless Souls (Bag det stille ydre),Goldenrod,3410,2011,2006
440283755-3,Arrowsmith,Goldenrod,100,2011,2009
288453157-2,Quigley Down Under,Khaki,,1995,2011
364355396-X,King Arthur,Pink,600,2003,2003
267680016-7,"Music Man The",Turquoise,4728,1999,2015
040679244-5,Big Hero 6,Pink,48,2005,2011
941753165-4,What Have They Done to Your Daughters?,Yellow,1228,2008,2019
215323816-1,"Debutantes Los",Blue,3083,2006,2005
552025328-5,Dolphin Tale 2,Khaki,427,2007,2012
055698013-1,Expelled from Paradise,Maroon,1302,2000,2016
904315949-2,Common,Blue,662,2010,2010
199658589-4,Learning to Ride,Maroon,1345,2001,2007
545027956-6,Girls in Prison,Purple,43,1977,2017
694983150-1,"Verdict The",Khaki,19,1995,2018
476633638-0,Dance Flick,Puce,1953,1995,2010
580186829-1,Kummeli Goldrush (Kummeli kultakuume),Goldenrod,2277,1963,2014
965782367-6,Three Times (Zui hao de shi guang),Aquamarine,131,2002,2005
785086383-6,Pepe,Red,6100,2011,2016
383323345-1,Spider-Man 3,Fuscia,17,1995,2014
282163871-X,Two Solutions for One Problem (Dow Rahehal Baraye yek Massaleh),Crimson,16,1992,2015
549918528-X,WALL·E,Teal,10,1997,2003
825438131-3,Before the Rains,Orange,958,2006,2008
351669901-9,Zathura,Green,224,2005,2010
744332276-3,My Science Project,Green,13,1992,2012
812852835-1,Oxy-Morons,Violet,7,2007,2020
398898482-5,Life Back Then (Antoki no inochi),Purple,202,2007,2006
111017962-6,Rat Pfink a Boo Boo,Khaki,807,2009,2003
927795367-5,Mother (Madeo),Teal,315,1986,2008
033651002-0,"Wrestler The (Painija)",Orange,796,2004,2020
898432406-X,"Next Three Days The",Teal,10,1998,2011
265678956-7,Cyborg Girl (Boku no kanojo wa saibôgu),Fuscia,1962,1994,2013
769209449-7,Super Rich: The Greed Game,Blue,120,1993,2014
266947231-1,"Misérables Les",Turquoise,,2012,2010
573418083-1,Azumi,Turquoise,59,1994,2013
533575467-2,Gemini (Sôseiji),Fuscia,33,1991,2009
262765041-6,"Man from Monterey The",Yellow,953,1996,2010
100430876-0,Miracle at St. Anna,Crimson,775,2006,2018
791328497-8,Fellini's Roma (Roma),Pink,3300,2007,2020
059689136-9,Shark Skin Man and Peach Hip Girl (Samehada otoko to momojiri onna),Crimson,15,2005,2018
923629890-7,Red Ensign,Puce,845,2006,2012
704548895-5,Pitfall,Yellow,573,2012,2019
573680028-4,Flightplan,Goldenrod,1203,2010,2018
362276984-X,Super Mario Bros.,Violet,1302,2008,2011
984009221-9,Decoys 2: Alien Seduction ,Pink,15,2009,0
765973442-3,Taking Woodstock,Yellow,155,1985,2015
074162969-0,Seeing Other People,Violet,669,2012,2018
252365373-7,Uncommon Valor,Green,116,2001,2015
174519993-4,Beautiful Lies (De vrais mensonges) (Full Treatment),Turquoise,127,2001,2019
067387914-3,Penthouse,Fuscia,2070,1996,2008
354536545-X,Dancing Lady,Teal,1055,1996,2012
234920676-9,"Miracle of Marcelino The (Marcelino pan y vino)",Red,1122,2008,2012
666431696-X,Wonder Man,Aquamarine,390,2011,2008
662143439-1,Koti-ikävä,Green,485,2004,2009
992703702-3,"War You Don't See The",Green,32,1999,2014
675571196-9,Connie and Carla,Mauv,349,1999,2012
698528378-0,Gran Paradiso,Maroon,31,2013,2003
579044116-5,"Carter The",Aquamarine,519,2004,2006
177302919-3,"Good Time Girls The (Bonnes femmes Les)",Orange,33,2005,2018
455186131-6,Extraordinary Measures,Aquamarine,34,1996,2013
814882846-6,Secret,Purple,1750,1995,2014
147751199-7,Cut-Throats Nine (Condenados a vivir),Mauv,689,1990,2011
639784308-4,Supernova,Green,472,1994,2019
193609492-4,"Hey Happy!",Violet,1025,1997,2015
762155778-8,Progression,Maroon,317,2011,2014
010998480-3,Golden Gate,Turquoise,22,2005,2000
511543802-X,Dick Figures: The Movie,Maroon,6,2012,2004
669809433-1,Dust in the Wind (Lian lian feng chen),Orange,71,1998,2020
222381533-2,"Muppet Christmas: Letters to Santa A",Maroon,1969,1999,2006
565932869-5,"Little Prince The",Maroon,295,2004,2011
600076541-X,28 Hotel Rooms,Yellow,52,1993,2018
755274002-7,I Knew It Was You: Rediscovering John Cazale,Yellow,154,2010,2010
839778532-9,Takedown,Yellow,45,1997,2019
602224896-5,"Innocent Man An",Maroon,39,2002,2004
508846636-6,Mystic River,Orange,505,2008,2010
580292020-3,Paranoia,Blue,10,1989,2006
106095939-9,From Paris with Love,Teal,47,1989,2008
731196303-6,"Substance of Fire The",Teal,1743,2000,2014
785681742-9,Saint Ralph,Fuscia,364,2007,2013
880496009-4,Ishtar,Goldenrod,297,2004,2002
777278527-5,Mike Birbiglia: What I Should Have Said Was Nothing,Blue,1100,2000,2011
743706469-3,Mister Roberts,Teal,91,2011,2018
766138004-8,Sniper,Crimson,1560,2006,2019
578444454-9,"Sky's the Limit The",Purple,2150,1963,2012
204341665-0,Adventures of Tarzan,Violet,1316,2010,2009
607435671-8,"Barber The",Maroon,23,1992,2018
064359149-4,Tap,Pink,52,1993,2019
084760905-7,Envy,Fuscia,19,2008,2013
209382529-5,D.E.B.S.,Blue,3510,1994,2013
783799953-3,"Narrow Margin The",Violet,236,1998,2014
360042046-1,Once Upon a Time in Anatolia (Bir zamanlar Anadolu'da),Goldenrod,1030,1992,2001
689831333-9,Aladdin,Green,6941,1995,2012
674302911-4,Shoot the Moon,Blue,173,2012,2013
582623839-9,When I Walk,Fuscia,6990,2010,2014
267871383-0,"Seducing Doctor Lewis (Grande séduction La)",Green,117,2007,2019
831511776-9,"Mortal Instruments: City of Bones The",Mauv,62,2007,2009
911581292-8,Grant Morrison: Talking with Gods,Puce,2247,1965,2013
319253125-8,"Summer Hours (Heure d'été L')",Red,373,1995,2015
349979573-6,"Men Who Tread on the Tiger's Tail The (Tora no o wo fumu otokotachi)",Blue,,2008,2005
882158681-2,Camino,Aquamarine,326,2012,2010
363180288-9,Air Force,Yellow,12,2002,2013
027960124-7,Private Parts,Teal,1922,2006,2011
888477566-3,Gung Ho,Teal,54,2008,1997
048667731-1,Blue Collar,Aquamarine,4780,2004,2006
885685257-8,Car Bonus (Autobonus),Mauv,900,2007,2009
936590017-4,"Serpent and the Rainbow The",Blue,15,1999,2019
224877747-7,Return to Lonesome Dove,Blue,400,1992,2004
633316248-5,Born in Flames,Violet,1850,2004,2006
210265524-5,Four Bags Full,Red,4315,1993,2013
139106162-4,Plenty,Teal,10,1994,2010
714277099-6,Souls for Sale,Maroon,1109,2012,2009
953716550-7,I'm Here,Orange,827,1996,2000
720338937-5,"Human Resources Manager The",Turquoise,2030,1997,2007
068640361-4,Bass Ackwards,Maroon,1789,1970,2011
053114102-0,Wake in Fright,Green,2393,2000,2018
129609028-0,14 Hours (Fourteen Hours),Red,596,2011,2011
510511028-5,9 Souls (Nain souruzu),Crimson,3827,2007,2013
345167113-1,Time Lapse,Yellow,27,1987,2007
487545561-5,One from the Heart,Mauv,82,1995,2013
755435829-4,Indictment: The McMartin Trial,Purple,614,1968,2007
549762075-2,Cheech & Chong's The Corsican Brothers,Red,12,2010,2013
660885217-7,Gentlemen Prefer Blondes,Goldenrod,5200,2008,2005
265506009-1,Den sommeren jeg fylte 15,Yellow,211,2001,2019
753770756-1,Evocateur: The Morton Downey Jr. Movie,Yellow,2347,1994,2020
183191928-1,More,Green,1542,2009,2015
014347003-5,Keys to Tulsa,Fuscia,234,2013,2006
886097209-4,Sideways,Orange,131,1992,2009
562321857-1,Super Rich: The Greed Game,Indigo,1169,1990,2011
305274945-5,"Truth The ",Yellow,887,2002,2008
003911583-6,Windstruck (Nae yeojachingureul sogae habnida),Turquoise,1408,2003,2015
978640785-7,"Arbor The",Teal,3703,2005,2016
765145589-4,Music Within,Red,148,2011,2017
875716770-2,Howard the Duck,Turquoise,26,2010,2010
742127808-7,"New Kind of Love A",Pink,2092,2005,2005
059429298-0,"Afternoon of a Torturer The (Dupa-amiaza unui tortionar)",Blue,2064,2003,0
675704495-1,"Beast with a Million Eyes The",Crimson,26,2006,2010
743658523-1,Empire Falls,Crimson,4778,2010,2011
076301130-4,"Map For Saturday A",Blue,1801,1973,2020
846185304-0,Krakatoa: The Last Days,Blue,94,1995,2018
000572322-1,Break-in,Aquamarine,17,1995,2011
914573807-6,Santa Buddies,Blue,1500,1997,2014
646965163-1,Logorama,Maroon,5622,2004,2016
914508096-8,"Ghost and Mrs. Muir The",Yellow,95,2005,2019
717021460-1,Natural Born Killers,Crimson,4714,2006,2013
600722784-7,Shark Night 3D,Mauv,4315,1994,2015
694129496-5,I-See-You.Com,Violet,37,1993,2014
803468921-1,Goodbye Charlie,Mauv,175,2008,2019
518907010-7,"Gambler The",Puce,420,2002,2014
358586390-6,Modris,Indigo,1036,1986,2014
633760744-9,"Change-Up The",Fuscia,45,2011,2008
803423641-1,Born to Win,Yellow,296,2007,2007
230841253-4,Race,Crimson,67,2005,2015
205511634-7,Sex and the Single Girl,Maroon,1099,2000,2012
160015567-7,Tere Naam,Violet,834,1996,2006
751505889-7,Bend of the River,Puce,3782,1992,1999
335009547-X,The Fearless Four,Turquoise,797,2006,2005
928948043-2,Aurora,Pink,407,2002,2013
050858306-3,His Kind of Woman,Goldenrod,1121,2012,2020
671811626-2,Ransom,Purple,942,1991,2012
238725766-9,Gunless,Fuscia,9,2008,2016
610806963-5,"Singer The (Quand j'étais chanteur)",Violet,794,2000,2010
502216828-6,Dr. Jekyll and Mr. Hyde,Blue,101,1995,2017
220333787-7,Malice N Wonderland,Puce,928,1992,2018
256146350-8,Hancock,Violet,10682,2001,2011
091437077-4,"Kids in the Hall: Same Guys New Dresses",Aquamarine,436,2001,2019
311641963-9,"Hot Dog Program A",Crimson,82,1997,2019
205813345-5,"Brave Little Toaster The",Crimson,228,1990,2014
080751707-0,Io Island (Iodo),Blue,15,2010,2013
791237224-5,We All Loved Each Other So Much (C'eravamo tanto amati),Red,28,1999,2018
984278506-8,Remember the Titans,Puce,188,2008,2018
422128816-7,3 dev adam (Three Giant Men) ,Pink,,2006,2000
874069737-1,Dark Journey,Violet,1539,2003,2016
843871690-3,Maryam,Khaki,10,2012,2010
046132239-0,Best Foot Forward,Yellow,12,1995,2003
109794525-1,Return of the Living Dead Part II,Red,317,2010,2006
711068750-3,"Gold of Naples The (L'oro di Napoli)",Orange,3,2001,2018
783586982-9,"Farmer's Wife The",Violet,1060,2006,2007
015286629-9,Pornography (Pornografia),Aquamarine,1020,2009,2020
440438654-0,Def-Con 4,Blue,614,2004,2012
887141402-0,Lightspeed,Violet,146,1995,2018
719875642-5,The Great Alligator,Violet,323,1998,2006
699620718-5,Eden Is West (Eden à l'Ouest),Green,13,1995,2014
448731809-2,Gone Nutty,Orange,3396,2003,2020
545450316-9,That Darn Cat!,Violet,670,2007,2000
655166747-3,Something of Value,Khaki,681,2011,2016
066465127-5,Bright Future (Akarui mirai),Red,,1999,2005
661705960-3,Colin Quinn: Long Story Short,Maroon,1020,2008,2012
431829664-4,Blue Vinyl,Turquoise,55,1992,2017
635812427-7,"George Lopez: It's Not Me It's You",Teal,1197,2001,2009
733422645-3,Legacy of Rage,Khaki,8,2004,2013
993037023-4,"Purple Plain The",Indigo,50,2001,2020
479227073-1,We Are from the Future (My iz budushchego),Indigo,,2009,2009
147881336-9,Bucky Larson: Born to Be a Star,Violet,883,2006,2012
433122228-4,Near Dark,Khaki,414,1978,0
205811297-0,Nina Frisk,Purple,3868,2009,2006
787168699-2,Brigham City,Turquoise,541,2005,2014
980616603-5,Mujhse Shaadi Karogi,Mauv,4975,2012,2014
772203999-5,"Ballroom The (Chega de Saudade)",Teal,3665,1993,2014
579026093-4,Creature,Blue,773,2010,2012
764756661-X,"Long Night The",Crimson,17,1992,2003
553314781-0,Quarantine,Puce,3962,1992,2010
144747481-3,"Tetsuo the Ironman (Tetsuo)",Puce,75,1995,2020
140085659-0,"Covenant The",Pink,1260,1992,2019
386748891-6,Sunshine,Orange,1008,2004,2016
331124926-7,"Leopard The (Gattopardo Il)",Teal,40,2004,2004
086454849-4,"Red Tent The (Krasnaya palatka)",Violet,69,1991,2007
751817063-9,"Hunt for Red October The",Fuscia,242,2004,2003
264332086-7,Electronic Labyrinth THX 1138 4EB,Blue,22,1987,2008
530093783-5,Exit Through the Gift Shop,Goldenrod,4,1986,2010
891642332-5,"Boy Who Could Fly The",Indigo,1114,1992,2005
582020569-3,Far from the Madding Crowd,Pink,148,1997,2001
161081792-3,"Buona Sera Mrs. Campbell",Yellow,7119,2012,2019
360391246-2,Junior,Red,125,2008,2016
241970083-X,Jerusalem Countdown,Red,680,1993,2017
069431533-8,Caltiki the Undying Monster,Khaki,3887,2000,2011
396017652-X,Fantomas vs. Scotland Yard,Fuscia,13,2012,2005
660445250-6,You're Next,Crimson,1570,2000,2020
206023609-6,Thunderpants,Fuscia,1887,2011,2011
607005211-0,Decoys 2: Alien Seduction ,Orange,1847,1997,2013
971306626-X,Dolan's Cadillac,Indigo,205,2004,2011
309681259-4,"Above the Street Below the Water (Over gaden under vandet)",Crimson,20,1994,2021
007273755-7,"United States of Leland The",Indigo,14,1995,2012
554144156-0,Family Tree (L'arbre et la forêt),Mauv,64,2011,2007
430657122-X,"5 Deadly Venoms The (Wu du) (Five Deadly Venoms)",Mauv,1270,2010,2012
611548840-0,"Italian Straw Hat The (Un chapeau de paille d'Italie)",Orange,856,2007,2006
908895673-1,Carol for Another Christmas,Khaki,24,2003,2006
567817339-1,"Proud Valley The",Crimson,67,1981,1995
051741476-7,Gabriela,Aquamarine,5610,2006,2020
100596624-9,Opposing Force,Turquoise,256,1990,2012
188701886-7,"Last House on the Left The",Khaki,56,2007,2002
365961850-0,Blood Suckers from Outer Space,Blue,75,1990,2016
874428724-0,For Love of Ivy,Maroon,6814,2011,2012
729121910-8,The Fearmakers,Crimson,833,1999,2010
708156664-2,First Name: Carmen (Prénom Carmen),Purple,761,1978,2015
333379574-4,Night Gallery,Yellow,,1993,2006
971618199-X,"Country Girl The",Red,5830,1997,2013
684781521-3,Kind Lady,Goldenrod,1765,2002,2018
790971894-2,"Misérables Les",Fuscia,18,2005,2004
808028359-1,Terra (a.k.a. Battle for Terra),Goldenrod,94,2001,2016
902906513-3,Images of the World and the Inscription of War (Bilder der Welt und Inschrift des Krieges),Purple,4423,1992,2015
273200939-3,The Little Death,Orange,33,2007,2019
001574919-3,Backbeat,Violet,20,1985,2013
144831946-3,Rio Sex Comedy,Indigo,33,1992,2016
409059870-2,9 Star Hotel (Malon 9 Kochavim),Pink,714,2008,2003
215253135-3,Jerusalem,Yellow,,2000,2014
988006425-9,Restless Blood (Levoton veri),Violet,313,2006,2012
810815531-2,The Seven-Ups,Violet,1182,1999,2010
683992733-4,One True Thing,Khaki,5916,2005,2011
662885761-1,"Good Night The",Khaki,87,1987,2011
940045584-4,"Legend The (Legend of Fong Sai-Yuk The) (Fong Sai Yuk)",Crimson,252,2002,2012
314680189-2,Gen-Y Cops (Te jing xin ren lei 2) (Gen-X Cops 2: Metal Mayhem) (Metal Mayhem),Crimson,15,1994,2016
674845081-0,Seconds,Maroon,44,1998,2021
267271510-6,"Guest The",Blue,28,1991,0
528239458-8,Midnight Madness,Orange,146,1985,2010
433078791-1,Kilometre Zero (Kilomètre zéro),Khaki,1195,2003,2020
666477245-0,Stonewall Uprising,Purple,10,2003,2012
057153708-1,K2,Pink,59,1987,2014
419572693-X,How About You...,Puce,627,2001,2014
184334036-4,Girl Crazy,Fuscia,49,1994,2019
723592028-9,The Mysterious Island,Aquamarine,0,2000,2010
138960325-3,Paul,Green,382,1950,2007
706969382-6,"War Game The",Turquoise,16,1994,2006
323735963-7,Written on the Wind,Khaki,728,1998,2016
910257654-6,My Little Chickadee,Goldenrod,2829,1993,2017
961565525-2,"Fear The",Aquamarine,526,2003,2016
084715802-0,Two Men Went to War,Yellow,2193,2011,2013
836996528-8,The Vengeance of Fu Manchu,Teal,885,2007,2008
354502555-1,No Time for Comedy,Violet,105,1992,2014
222856996-8,Postman Blues,Mauv,3314,1998,2015
530343210-6,Downhill,Maroon,,2009,2010
370708846-4,Stormy Monday,Green,8466,2004,2011
109199400-5,"Salo or The 120 Days of Sodom (Salò o le 120 giornate di Sodoma)",Violet,74,2002,2017
914464932-0,Read It and Weep,Goldenrod,29,1998,2010
240661670-3,Riffraff,Aquamarine,56,2010,2016
296847862-1,Music in the Air,Khaki,294,2004,2005
017939741-9,Dr. Seuss' The Lorax,Goldenrod,30,1992,2004
721998051-5,"Road to Guantanamo The",Aquamarine,105,2011,2020
231891922-4,The Perfect World of Kai,Green,112,2007,2012
526454944-3,Soft Shell Man (Un crabe dans la tête),Fuscia,1749,2005,2011
785563921-7,Charlie Chan in Dangerous Money,Khaki,302,1997,2013
362317316-9,"Tango Lesson The",Turquoise,296,2001,2000
013278765-2,"Naked Jungle The",Crimson,2897,2013,2006
950937145-9,Drag Me to Hell,Pink,1651,1997,2013
251212985-3,Shaft's Big Score!,Aquamarine,1360,2009,2006
213407625-9,Employees Leaving the Lumière Factory,Violet,197,2008,2012
045817581-1,"Cab for Three A (Taxi para tres)",Indigo,50,2010,2014
372514774-4,"Happy Happy (Sykt lykkelig)",Teal,,1994,2020
683582479-4,Return to Lonesome Dove,Violet,1095,2012,2018
401829703-3,La Putain du roi,Green,883,2003,2004
595739424-6,Dead Ringers,Yellow,1036,1991,2006
986120093-2,Educating Rita,Fuscia,2092,1993,2012
928583027-7,"Living and the Dead The",Orange,70,2008,2017
148749867-5,Space Pirate Captain Harlock,Crimson,1805,1996,0
109059725-8,Kickin It Old Skool,Violet,1587,2012,2014
900591769-5,"Gunfighter The",Yellow,10,1998,2014
848402224-2,T-Men,Orange,,2007,2014
123513070-3,Enthusiasm (Entuziazm: Simfoniya Donbassa),Teal,4157,2002,2009
461272361-9,Polyester,Indigo,52,2011,2010
980150022-0,På sista versen,Khaki,25,2005,2020
397487840-8,Born to Be Wild,Puce,576,2005,2018
926743492-6,School of Rock,Violet,918,2006,2008
262713887-1,"Brøken The (a.k.a. Broken The)",Khaki,38,1992,2014
234718396-6,Samaritan Zatoichi (Zatôichi kenka-daiko) (Zatôichi 19),Blue,996,1994,2017
841894709-8,Royal Wedding,Crimson,2995,1998,2010
163753115-X,Juwanna Mann,Aquamarine,3021,1980,1997
518763751-7,Harum Scarum,Yellow,913,1993,2010
072903687-1,Paradise: Hope (Paradies: Hoffnung),Red,23,1991,2013
792131598-4,Criminal,Fuscia,,2012,2005
145953909-5,"Broadway Melody The",Indigo,23,2009,2015
482993164-7,"King of Fighters The",Teal,77,2009,2006
413341623-6,Bull Durham,Purple,5140,2011,2014
215657982-2,Being Elmo: A Puppeteer's Journey,Turquoise,446,2003,2019
561906713-0,"Wedding in Blood (Noces rouges Les)",Red,1500,2011,2016
515282288-1,Game of Death,Red,220,1994,2018
343716696-4,Being There,Yellow,68,2005,2008
882078090-9,Iceman,Khaki,401,1992,2019
025129331-9,American Ninja 5,Teal,78,1993,2006
422547632-4,Animal Love (Tierische Liebe),Turquoise,283,1996,2012
443066962-7,Father Hood,Orange,5558,1995,2017
288917486-7,Entity,Orange,2525,2012,2012
188310984-1,"Paleface The",Purple,24,1987,2020
734708110-6,"Entitled The",Yellow,1467,1987,2018
385559586-0,The Fox & the Child,Green,82,2001,2007
385427362-2,Wings of Hope (Julianes Sturz in den Dschungel),Maroon,10,2001,2017
576054274-5,Good Guys Wear Black,Yellow,353,1989,0
346298308-3,"Brain That Wouldn't Die The",Khaki,3176,1998,2007
110877054-1,My Way to Olympia (Mein Weg nach Olympia),Khaki,78,2002,2013
475473424-6,They All Lie,Teal,504,2007,2012
702438111-6,Suicide Manual (Jisatsu manyaru),Orange,600,2006,2012
133814527-4,The Land Before Time VII: The Stone of Cold Fire,Crimson,587,2009,2009
400634599-2,$ellebrity (Sellebrity),Turquoise,3894,1992,2015
594219732-6,Hud,Fuscia,813,2001,2019
658654336-3,Unknown White Male,Indigo,35,1970,2004
123134040-1,Queen of Hearts,Blue,1532,1992,2002
128544830-8,At Midnight I'll Take Your Soul (À Meia-Noite Levarei Sua Alma),Orange,9,2002,2010
828630158-7,Love Me Tender,Aquamarine,353,2007,2011
464567702-0,Pig Hunt ,Indigo,1570,2011,2010
724684240-3,Into the West,Pink,6450,2008,2019
570859097-1,My Giant,Red,2789,2007,2014
292145367-3,Alien Autopsy,Crimson,1657,1970,2007
845923839-3,Six Degrees of Separation,Yellow,3300,2012,2018
854128104-3,"Atomic Brain The",Orange,32,2013,2015
641305895-1,Knife in the Water (Nóz w wodzie),Goldenrod,2464,2003,2016
175179159-9,Arcana,Orange,1200,2007,2015
866481706-5,Evil (Ondskan),Fuscia,20,1994,2020
826846897-1,"Body The",Purple,4382,2012,2012
390338144-6,"Concert Le",Orange,284,1996,0
950183617-7,Memoirs of an Invisible Man,Turquoise,684,1986,2013
200852843-X,"Monster Club The",Purple,1378,1990,2017
076538751-4,Red Doors,Yellow,351,1994,2009
572761799-5,Cheerleader Camp,Maroon,10,2012,2011
284286563-4,"Madness of King George The",Orange,0,2008,2012
662111927-5,Red Salute,Aquamarine,62,2008,2019
443633326-4,Ocean Heaven ,Teal,20,2000,2011
224672476-7,My Friend Flicka,Crimson,1629,2007,2009
280574319-9,The Body,Teal,425,1988,2006
208811791-1,"Unsaid The",Crimson,48,1996,2014
679426486-2,Ride with the Devil,Mauv,4,1994,2013
689915135-9,Runaway Train,Turquoise,505,2005,2014
557128814-0,The Gun That Won the West,Crimson,698,2000,2002
320034641-8,"Luna La",Teal,1813,2012,2010
417559098-6,Stitch! The Movie,Goldenrod,305,2001,2006
563045633-4,Boots and Saddles,Fuscia,841,2009,2017
972667755-6,Wallace & Gromit in The Curse of the Were-Rabbit,Goldenrod,1570,1992,2012
674182250-X,Whores' Glory,Green,15,2003,2013
929747219-2,"Philosophers The (After The Dark)",Fuscia,16,1960,2003
985320692-7,Vlad Tepes (Vlad &#354;epe&#351;),Indigo,10,1999,2020
469169619-9,New Fist of Fury (Xin jing wu men),Green,4200,2005,2019
864227454-9,"Nightmare on Elm Street A",Turquoise,3050,1993,2020
833417603-1,Mayerling,Indigo,15,1992,2009
677608280-4,"Adventure of Sherlock Holmes' Smarter Brother The",Crimson,791,1999,2014
721506342-9,White Light/Black Rain: The Destruction of Hiroshima and Nagasaki,Green,87,2004,2017
715949344-3,In the Navy,Yellow,137,2002,0
822812441-4,Aankhen,Pink,219,1998,2019
459625707-8,Possible Loves (Amores Possíveis),Goldenrod,9,2011,2019
398462204-X,Confessions of an Opium Eater,Teal,33,2005,0
997352740-2,The Widow From Chicago,Yellow,1446,2007,2018
102013655-3,White Man's Burden,Blue,4759,1993,2019
302131871-1,Strawberry and Chocolate (Fresa y chocolate),Aquamarine,2766,2009,2008
284910424-8,"Cabin in the Woods The",Yellow,2182,2000,2020
591964377-3,Elvis: That's the Way It Is,Puce,32,1998,2018
629804842-1,None But the Lonely Heart,Red,5,1999,2019
663290464-5,"Client The",Mauv,230,1983,2006
738547712-7,Too Late Blues,Orange,648,1995,2017
975224946-9,Mercy Streets,Orange,617,2006,2002
201080097-4,"Princess of Montpensier The (La princesse de Montpensier)",Mauv,232,2004,1999
809292870-3,Jean de Florette,Puce,412,1999,2015
805698044-X,Where in the World Is Osama Bin Laden?,Yellow,5,1994,2019
928490281-9,Pete Kelly's Blues,Blue,5662,2002,2004
967909934-2,Quartet,Teal,94,1995,2012
015501435-8,Tattoo,Yellow,1211,1968,2005
794897820-8,"Paleface The",Purple,363,2006,2010
847217456-5,"Men Who Stare at Goats The",Crimson,4157,2012,2017
261214552-4,Experiment Perilous,Violet,5410,2009,2005
894122768-2,Crazy Love (a.k.a. Love Is a Dog from Hell),Teal,3085,2009,2018
152698057-6,Stay Hungry,Purple,4232,2001,2013
180348346-6,Phantom,Goldenrod,806,2006,2016
195385861-9,Lego: The Adventures of Clutch Powers,Orange,52,2008,2006
182983797-4,180° South (180 Degrees South) (180° South: Conquerors of the Useless),Red,24,1988,2016
849789221-6,Gumshoe,Teal,131,2006,2014
993968751-6,Broadway Melody of 1938,Crimson,,2001,2019
765011611-5,Admiral Yamamoto,Pink,1456,1992,2011
640690210-6,Bachelor in Paradise,Purple,980,1993,2014
609162577-2,Yesterday Was a Lie,Crimson,535,2012,2011
526513106-X,Big Trouble,Goldenrod,981,2006,2012
815529962-7,Some Mother's Son,Purple,400,1994,2015
056260321-2,Sherlock Holmes and the Voice of Terror,Teal,3957,1987,2007
101820713-9,Broken Sky (El cielo dividido),Fuscia,209,1999,2015
861281059-0,Kon-Tiki,Khaki,693,1992,2020
682540145-9,Donos de Portugal,Purple,192,2006,2017
272823887-1,"Dead Calling A",Maroon,607,2006,2009
382518586-9,Hipsters (Stilyagi),Purple,852,1997,2013
110803028-9,Ordinary Miracles,Yellow,561,2006,2014
412321614-5,If I Stay,Mauv,197,2011,2006
992009695-4,Seconds,Yellow,1124,2011,2004
488165126-9,Patema Inverted,Khaki,4458,2008,2014
819347776-6,Nantucket Film Festival's Comedy Roundtable,Goldenrod,78,2004,2011
503480098-5,"Field in England A",Orange,1148,1997,2016
136051715-4,In Old Arizona,Blue,827,2007,2015
289342501-1,Homevideo,Green,2182,1989,2011
620516694-1,Surf's Up,Pink,426,2005,2013
058409262-8,"First Grader The",Khaki,1060,1992,2006
363805598-1,"Best of Everything The",Aquamarine,18,1993,2009
660539436-4,Come and See (Idi i smotri),Pink,16,1991,2019
896365456-7,Death Note,Mauv,980,2005,2015
754998675-4,King Lear (Korol Lir),Purple,164,1992,2010
119388374-1,Going Ape!,Purple,90,1989,0
252609941-2,Documentarian,Pink,246,2013,2016
985307451-6,Escape From Tomorrow,Yellow,3673,1995,2012
428177668-0,Godzilla vs. Gigan (Chikyû kogeki meirei: Gojira tai Gaigan),Mauv,474,2001,2011
635214775-5,Neighbors,Teal,74,2011,2008
386517223-7,"Andromeda Strain The",Goldenrod,82,1999,2012
986031537-X,White House Down,Pink,97,2012,2006
051412741-4,X2: X-Men United,Violet,245,1998,2005
540724237-0,The Fat Albert Halloween Special,Maroon,392,2003,2011
501929283-4,"Fighting Spirit The",Aquamarine,410,1987,2021
030535844-8,Sideways,Fuscia,30,1975,2010
215704233-4,Frankie and Johnny,Goldenrod,18,2010,2016
769506756-3,Memphis Belle,Maroon,173,1997,2016
744494795-3,Jekyll & Hyde,Indigo,3903,2011,2012
884551452-8,Dudley Do-Right,Pink,589,1986,2017
630422375-7,Shampoo,Violet,1437,2001,2010
964006640-0,"Chosen One The",Orange,,2012,2008
846395138-4,"State Witness The (Swiadek koronny)",Yellow,,2013,2011
695636342-9,"End of the Line The",Yellow,335,2010,2017
818539861-5,Sokkotanssi,Yellow,2690,2000,2016
932365426-4,Ulysses' Gaze (To Vlemma tou Odyssea),Goldenrod,1918,1999,2012
369856822-5,"Le printemps l'automne et l'amour",Teal,2143,1999,2016
974131038-2,"Ghostmaker The (Box of Shadows)",Teal,62,2000,2009
810627672-4,Charlie Chan in The Chinese Cat,Indigo,102,2002,2014
578144542-0,Wise Guys,Blue,180,2011,2008
546974481-7,Daylight,Maroon,540,1994,2016
589591481-0,"Pink Panther The",Turquoise,26,2012,2007
910491255-1,"Devil Came on Horseback The",Purple,1102,2011,2007
759697282-9,Wedding Daze,Mauv,732,1991,2017
466838268-X,Helicopter String Quartet,Pink,1076,1985,2017
251021752-6,"Secrets The (Sodot Ha-)",Puce,25,1962,2015
829176350-X,Khumba,Maroon,5509,2010,2018
888659790-8,Freedom Downtime,Turquoise,513,1987,2019
151392717-5,"More the Merrier The",Teal,3250,2001,2014
613753640-8,Babe,Green,38,1987,2007
239735124-2,"Seventh Victim The",Indigo,280,2008,2020
139369185-4,Total Recall,Purple,1100,1973,2013
189475238-4,Nothing Personal,Khaki,13,1995,2010
845258285-4,Manny & Lo,Blue,340,1984,2012
428478133-2,"Hot Chick The",Khaki,4076,2003,2021
147583932-4,RKO 281,Violet,537,2003,2019
834339114-4,"Man Who Could Work Miracles The",Turquoise,,1972,2019
274305394-1,Blackboards (Takhté Siah),Teal,1296,1967,2009
142375680-0,Small Town Murder Songs,Orange,46,1998,2010
879555167-0,While She Was Out,Khaki,1572,1998,2011
793469875-5,"Passion of Anna The (Passion En)",Puce,1478,2001,2013
257332694-2,Snoopy Come Home,Yellow,2314,1999,2016
048174319-7,Threesome,Indigo,735,2007,2015
636342597-2,Conquest,Yellow,10,2006,2009
549507715-6,Messenger of Death,Khaki,240,2008,2016
410709660-2,Ajami,Purple,102,1993,2011
768056640-2,Double Dynamite,Turquoise,145,1995,2007
090709008-7,By the Light of the Silvery Moon,Goldenrod,,2012,2017
297333578-7,Slither,Fuscia,6,2004,2012
044544055-4,Soft Fruit,Maroon,3637,2008,2018
793194253-1,"Secret in Their Eyes The (El secreto de sus ojos)",Indigo,14,2007,2009
088307566-0,I Went Down,Turquoise,2529,1999,1999
724778921-2,City Slacker,Teal,1801,2009,2013
107445872-9,Ernest Saves Christmas,Yellow,4068,2006,2011
616009896-9,Houseguest,Red,604,2012,2012
526085835-2,Beau Pere (a.k.a. Stepfather) (Beau-père),Teal,1730,2000,2009
467089369-6,Nine Lives (Ni liv),Yellow,5330,2010,2005
956872090-1,Under Suspicion,Crimson,1584,1992,2010
220229552-6,"Hitchhiker's Guide to the Galaxy The",Mauv,1050,1992,2019
470578764-1,Zatoichi the Fugitive (Zatôichi kyôjô-tabi) (Zatôichi 4),Violet,6,2002,2006
720908762-1,Goodbye First Love,Orange,2772,1999,2011
194827843-X,Young Guns II,Fuscia,38,2003,2011
446061470-7,JFK,Pink,343,1990,2012
256482458-7,Freedom Downtime,Maroon,118,2006,2011
798710208-3,Brown's Requiem,Aquamarine,646,1994,2005
550781254-3,Richard Pryor: Live in Concert,Mauv,6450,2008,2009
384442513-6,"Bridesmaid The (Demoiselle d'honneur La)",Puce,,2002,2008
060380957-X,The Salt of the Earth,Red,4551,1993,2017
747073686-7,Annabelle,Turquoise,3755,2006,2004
354905140-9,Summer Storm (Sommersturm),Teal,569,2002,2006
669585406-8,New Jack City,Orange,1106,1995,2013
201414290-4,Snow Day,Crimson,84,2006,2016
248585609-5,Catch a Fire,Yellow,503,2002,2021
774056045-6,Alice in the Cities (Alice in den Stadten),Goldenrod,2135,2000,2013
273218009-2,P.S. Your Cat is Dead,Fuscia,2269,2001,2012
346603883-9,"Man Who Would Be King The",Purple,19,1994,2005
687880829-4,Death of a Salesman,Aquamarine,,2000,2016
773551344-5,Zero Day,Aquamarine,90,2001,2010
904775179-5,"Yacoubian Building The (Omaret yakobean)",Blue,48,2001,2018
498722063-6,Beyond the Clouds (Al di là delle nuvole),Violet,23,1998,2016
052801821-3,Fiston,Puce,115,2012,2014
885485967-2,Tusk,Goldenrod,20,2009,2019
652009717-9,Of Unknown Origin,Fuscia,364,1997,2020
710492846-4,"Innocent The (Innocente L')",Green,911,2009,2018
043930248-X,Double Impact,Crimson,5112,1984,2016
144669753-3,All Things Fair (Lust och fägring stor),Purple,577,1993,2015
394675335-3,Goodbye Solo,Aquamarine,65,2008,2012
799989868-6,Super,Pink,2125,2012,2014
407094518-0,Maniac,Khaki,32,2003,2011
243580819-4,Priest,Maroon,547,1994,2012
557010462-3,Little Secrets,Indigo,,2009,2013
168219017-X,Digging for Fire,Indigo,10,2006,2013
299790735-7,God's Puzzle (Kamisama no pazuru),Crimson,426,2008,2014
818855825-7,Eight Below,Goldenrod,1786,2009,2014
081018162-2,Bachelorette,Red,2648,1990,2006
085389751-4,Danny Deckchair,Orange,354,2004,2018
689180914-2,Black Narcissus,Violet,203,1993,2018
335549683-9,"Chinese Ghost Story A (Sinnui yauwan)",Goldenrod,,2001,2011
175537453-4,"Freshman The",Green,172,2008,2012
555498710-9,True Legend (Su Qi-Er),Pink,3990,2002,2015
358744076-X,"Thirteenth Floor The",Fuscia,5100,1999,2015
886820724-9,Christmas with the Kranks,Indigo,5741,2010,2005
931360662-3,A Fight For,Red,95,2012,0
030938979-8,New Scenes from America,Aquamarine,5330,2012,2008
641001080-X,Papa,Crimson,915,1989,2004
021590883-X,Double Team,Puce,3921,2010,2017
577782334-3,Highlander III: The Sorcerer (a.k.a. Highlander: The Final Dimension),Indigo,15,2007,2008
916911659-8,Mercy,Blue,20,1995,2016
211226516-4,Spiral,Crimson,266,2007,2018
611666469-5,"Lady with the Dog The (Dama s sobachkoy)",Fuscia,1253,1994,2014
552103731-4,Safe Men,Yellow,2715,2002,2005
961148957-9,LOL,Maroon,4580,2002,2004
856806631-3,Bitter Moon,Purple,20,1999,2013
395530736-0,This Is Spinal Tap,Indigo,2756,2003,0
749057195-2,Class Reunion,Teal,6500,2009,2009
889573463-7,David and Lisa,Fuscia,302,2008,2014
534378283-3,1,Violet,5325,2000,2013
357597055-6,"Slams The",Aquamarine,3904,1995,2004
383658176-0,Salome's Last Dance,Aquamarine,13,2004,2010
420261095-4,And Your Mother Too (Y tu mamá también),Green,410,2006,2015
610580403-2,Fright Night Part II,Orange,3557,1995,2013
311763970-5,Short Eyes,Aquamarine,900,2010,2015
168489563-4,The Woman in Black 2: Angel of Death,Teal,33,2008,2017
083487698-1,Nitro Circus: The Movie,Red,4100,1996,1999
910376975-5,Slumber Party Massacre III,Turquoise,799,2010,2000
168823316-4,The Interview,Green,42,2007,2020
129862214-X,Cirque du Soleil: Dralion,Crimson,552,1992,2016
608344989-8,"Bourne Identity The",Purple,1968,2000,2014
675784794-9,Devil's Playground,Turquoise,2373,2006,2012
612767720-3,Man in the Saddle,Pink,340,2002,2018
420836751-2,Jam,Yellow,3445,2009,2016
575907236-6,The Referee,Indigo,56,2005,2006
958857949-X,"Razor's Edge The",Crimson,1378,2009,0
543781696-0,Sauna,Maroon,39,1989,2008
678150246-8,Stop-Loss,Pink,56,1994,2016
990392083-0,My Soul to Take,Purple,1801,2009,2018
481214584-8,Escape From Tomorrow,Mauv,1284,1993,2012
941448767-0,"Posto Il",Yellow,71,1993,2014
833415710-X,Broken Vessels,Purple,5640,2002,2005
235945795-0,Straight to Hell,Goldenrod,20,2007,2014
814821041-1,Brainstorm,Teal,115,1992,2018
811885270-9,Untamed Youth,Khaki,1749,2000,2004
552821899-3,"Brave Little Toaster The",Indigo,640,2002,2018
099500711-X,Her Master's Voice,Violet,3,2001,2006
438231508-5,Cloudy with a Chance of Meatballs 2,Khaki,69,1994,2019
713919425-4,Dead Like Me: Life After Death,Blue,,2007,2014
627628052-6,Darwin's Nightmare,Indigo,8405,1995,2015
454879849-8,"Secret A (Un secret)",Maroon,12816,1998,2020
701453268-5,For Those in Peril,Indigo,4382,2011,2014
649650325-7,"Shiro Amakusa the Christian Rebel (Amakusa Shiro tokisada)",Maroon,1220,1996,2011
480779957-6,Just Another Love Story (Kærlighed på film),Purple,3562,2000,2012
117769992-3,Endurance,Green,6112,2005,2019
958296801-X,Kinbaku,Goldenrod,895,2003,2014
021762090-6,Millions,Red,260,2003,2005
222593533-5,"Householder The (Gharbar)",Orange,1057,2011,2021
450200048-5,Species II,Aquamarine,8,2002,2010
891337108-1,Park Row,Pink,770,1992,2012
142889101-3,Snakes and Earrings (Hebi ni piasu),Purple,5778,2004,2010
677940665-1,"War on Democracy The",Red,209,2010,1997
405940663-5,Katt Williams: Priceless: Afterlife,Red,6955,1996,2017
915150196-1,Kingdom of Heaven,Red,1069,2005,2021
947748210-2,April Story,Red,347,2007,2010
799084714-0,Spawn,Pink,5450,2012,2012
255129141-0,Quatre garçons pleins d'avenir,Khaki,2691,2000,2013
111944681-3,"Brother from Another Planet The",Violet,4289,1995,2010
589525577-9,Kidnapped For Christ,Maroon,121,2008,2014
538537435-0,"Class Trip The (La classe de neige)",Purple,18,1993,2014
694846596-X,Detour,Orange,1126,2011,2014
468125419-3,Black Like Me,Purple,1314,1994,2008
349750563-3,Kill a Rat,Puce,30,1988,2008
879684904-5,Super High Me,Green,74,1995,2011
892497282-0,Paranormal Activity 3,Puce,3331,2011,2012
552640971-6,Summer Holiday,Blue,14042,2003,2005
245673082-8,Sheep Eaters (Lampaansyöjät),Teal,96,2005,2013
398677959-0,Beastly,Red,174,2005,0
382166164-X,Paris Trout,Pink,124,1999,2005
801430662-7,Reality Bites,Teal,276,2009,2019
530498406-4,"Company of Wolves The",Khaki,590,1967,2021
763145064-1,Loner (Woetoli),Yellow,1840,1987,2016
578393714-2,The Town that Dreaded Sundown,Goldenrod,90,2008,2020
105671442-5,"Summit The",Orange,45,2007,2014
504929977-2,"Brasher Doubloon The",Yellow,47,2006,2014
417560013-2,Permanent Record,Teal,152,2009,2013
415958045-9,Pumpkinhead II: Blood Wings,Purple,4315,1991,2004
459597398-5,Ringu (Ring),Purple,65,1996,2016
274980438-8,Look Who's Talking Too,Aquamarine,300,2003,2015
191770852-1,Judgment Night,Goldenrod,53,2011,2015
852249637-4,Home Alone: The Holiday Heist,Yellow,390,2007,2016
697067028-7,Anchorman: The Legend of Ron Burgundy,Aquamarine,2608,2007,2014
215543762-5,If I Stay,Mauv,166,2006,2016
808794726-6,"Fluffer The",Puce,3002,2007,2006
565222703-6,Brother's Keeper,Orange,6,1994,2012
068999300-5,Savannah Smiles,Blue,15,1998,0
085589212-9,Pretty Devils,Fuscia,271,2009,2015
716798029-3,Division III: Football's Finest,Purple,4416,1996,2009
474600866-3,"Proud and the Beautiful The (Orgueilleux Les) (Proud Ones The)",Indigo,1169,1999,2009
952775668-5,"Era of Vampires The",Mauv,587,2001,2015
519874014-4,Windows,Goldenrod,692,2012,2020
196832824-6,Bushwhacked,Mauv,,1994,2008
465956647-1,Crocodile (Ag-o),Violet,2438,2009,2008
699036260-X,Chocolat,Khaki,,2005,2020
207198604-0,"Self-Made Hero A (Un héros très discret)",Fuscia,29,1999,2016
722748101-8,Blind Justice (Hævnens nat),Pink,39,1996,2012
159461045-2,Talaash,Orange,4199,2003,2014
020299289-6,Keep the River on Your Right: A Modern Cannibal Tale,Fuscia,43,2012,2003
710962591-5,Police Academy 2: Their First Assignment,Red,3110,2007,2020
333397285-9,Panic Room,Crimson,705,1995,2017
459476974-8,"Heroic Ones The (Shi san tai bao)",Indigo,6,2000,2010
961790949-9,Toys in the Attic,Pink,3,2004,2006
866410619-3,Land of the Lost,Mauv,141,1967,2015
765805576-X,Little Black Book,Pink,162,1994,2014
864712077-9,Lunch Break,Fuscia,4,2004,2015
417064582-0,"Last Chance: Diary of Comedians The (Bokutachi no koukan nikki)",Indigo,6250,2013,2016
242295237-2,"Scarlet and the Black The",Yellow,216,2005,2014
992487117-0,Natural Born Killers,Fuscia,1178,1988,2013
622156825-0,"Trail of the Lonesome Pine The",Blue,848,2007,2006
788007436-8,My Sister Eileen,Fuscia,304,2001,2001
109196903-5,Black Christmas,Pink,,2003,2009
176076516-3,"Throw Away Your Books Rally in the Streets",Blue,1998,1992,2011
466848543-8,Highlander: The Search for Vengeance,Yellow,12913,2007,2008
060945177-4,Piranha II: The Spawning,Crimson,40,2012,2019
280209740-7,Lord Jim,Indigo,42,1994,2008
984021994-4,Riding Alone for Thousands of Miles (Qian li zou dan qi),Pink,,1995,2008
928309144-2,Desperate Living,Violet,2400,2012,2013
553248252-7,"Land Before Time II: The Great Valley Adventure The",Maroon,641,2001,2018
706956738-3,How to Live Forever,Blue,272,2006,2004
182458036-3,In Football We Trust,Maroon,50,1995,2018
588233912-X,Voll Normaaal,Crimson,,2004,2013
574109623-9,Empire of the Ants,Maroon,4,1995,2019
792130285-8,Return from Witch Mountain,Mauv,630,2004,0
889194407-6,Factory Girl,Puce,406,2009,2014
835857602-1,"Mask of Fu Manchu The",Teal,397,2005,2012
958671280-X,Journey to Italy (Viaggio in Italia) (Voyage to Italy) (Voyage in Italy),Mauv,3276,1993,2020
014539301-1,"Secret of Santa Vittoria The",Puce,16,2006,2018
533787365-2,Gantz: Perfect Answer,Indigo,3599,2005,2008
803019835-3,Whole,Yellow,65,2006,2005
948036952-4,Ill Manors,Pink,78,2011,2005
328886231-X,Grave Halloween,Indigo,3,1993,2013
104210749-1,"Greater Promise A (Iskateli Schastya)",Mauv,730,1999,2008
334281516-7,Sunflower (Xiang ri kui),Puce,34,1993,2014
585900444-3,Stepmom,Teal,32,2006,2018
801875105-6,Love is God,Fuscia,18,2010,2011
809089756-8,"Land Before Time II: The Great Valley Adventure The",Turquoise,1421,2000,2014
500523707-0,"Motorcycle Diaries The (Diarios de motocicleta)",Turquoise,2240,2011,1998
235472261-3,"South The (Sur El)",Crimson,554,2006,2018
564866653-5,"Friend of the Deceased A (Priyatel pokonika)",Khaki,320,2001,2003
012531645-3,Gone Nutty,Turquoise,89,1998,2006
984709137-4,Close Your Eyes (Hypnotic) (Doctor Sleep),Turquoise,173,2004,2015
578052209-X,Why Be Good?,Pink,,1994,2010
296853640-0,"Paramore Live the Final Riot!",Yellow,59,2005,2009
509175799-6,The Magic Crystal,Blue,,2011,2013
433534544-5,Big Bad Wolf,Red,39,1998,2016
235298377-0,"Pest The",Purple,353,2013,2001
941946486-5,Wild Target,Teal,3524,2000,2011
693141805-X,"Baby The",Blue,4920,1987,2018
674524425-X,Fuck,Aquamarine,2312,2007,2004
501385455-5,Interrogation (Przesluchanie),Green,1332,1997,2009
903652527-6,Blind Date,Khaki,1700,2001,2014
493196022-7,Big Bang in Tunguska (Das Rätsel von Tunguska),Turquoise,,1991,2015
630216997-6,"Minion The",Teal,4185,1984,2000
161240863-X,It Boy (20 ans d'écart),Indigo,91,1995,2020
851111279-0,City Slacker,Purple,6000,1988,2004
519494267-2,Hall Pass,Fuscia,9,1993,2011
821565689-7,Resurrection of the Little Match Girl (Sungnyangpali sonyeoui jaerim),Green,,1985,2004
693963710-9,Hector and the Search for Happiness,Maroon,648,2012,0
586201553-1,7 Plus Seven,Purple,1,2007,2014
537085111-5,Frozen,Indigo,1325,2005,2006
872110421-2,"Honey I Blew Up the Kid",Aquamarine,134,2003,2011
877211834-2,London,Maroon,101,2003,2011
772499716-0,Raging Bull,Khaki,707,2008,2020
406630069-3,Antboy II: Revenge of the Red Fury (Antboy: Den Røde Furies Hævn),Mauv,15,2005,2009
111623402-5,"American Werewolf in London An",Purple,280,2005,2015
468576439-0,Rhinoceros,Orange,2930,2002,2010
752248045-0,Busting,Goldenrod,47,2003,2011
455537010-4,I Love You Phillip Morris,Khaki,230,2001,2012
834201477-0,Mr. Jealousy,Violet,500,1986,2020
923334228-X,Man Trouble,Yellow,96,2003,2014
854043764-3,"Shout The",Fuscia,38,1988,2008
872256370-9,Not Cool,Turquoise,1027,1994,2015
302999219-5,Who Do I Gotta Kill?,Aquamarine,700,2007,0
971765604-5,Death Sentence,Orange,574,2012,2016
131819202-1,Death to Smoochy,Mauv,14,2000,2006
370267239-7,"Carpetbaggers The",Teal,474,1993,2008
105469537-7,Blood Suckers from Outer Space,Red,374,2011,2013
322496301-8,Fuck Up,Goldenrod,1789,2007,2015
089549939-8,Trinity: Gambling for High Stakes (Odds and Evens) (Pari e dispari),Mauv,477,1992,2005
130682549-0,"Big Knife The",Goldenrod,,1999,0
261103740-X,"Happy Poet The",Blue,119,2008,2012
223568538-2,Teorema,Green,59,2002,2009
685334924-5,Memento,Mauv,9,1996,2005
496971771-0,"Crimson Rivers The (Rivières pourpres Les)",Mauv,335,2005,2012
528513832-9,Rush Hour 2,Blue,443,1993,2010
606863238-5,Nokas,Yellow,15,2009,2013
835925536-9,Scorching Winds (Garm Hava) (Garam Hawa),Turquoise,643,2003,2008
363257732-3,When a Man Loves a Woman,Maroon,958,2000,2015
994774427-2,"Beans of Egypt Maine The",Fuscia,2100,2006,2017
505144221-8,Lollilove,Turquoise,0,2012,2014
098183731-X,Murph: The Protector,Blue,1630,1985,2017
831302577-8,Miss Pettigrew Lives for a Day,Indigo,311,2001,2017
995405134-1,Late Phases,Fuscia,839,1992,2009
784381313-6,Mantrap,Red,476,2001,2019
227818845-3,Hell Night,Pink,,2005,2015
854971075-X,Live Free or Die,Aquamarine,745,1994,2013
080500646-X,Dying of the Light,Maroon,2904,1997,2016
285469183-0,Braveheart,Indigo,2182,2012,2021
269808696-3,"Brothers McMullen The",Indigo,10,1988,2004
607931194-1,"Odd Life of Timothy Green The",Aquamarine,24,2010,2010
933512056-1,Alice Upside Down (Alice),Teal,246,2010,2018
484563672-7,"Ugly Dachshund The",Puce,2024,2002,2006
635604073-4,Green Lantern: Emerald Knights,Maroon,54,2011,2017
299410210-2,xXx,Violet,90,2009,2009
059736846-5,Dracula: Prince of Darkness,Orange,14,2010,2013
448240568-X,Traffic Affairs (Mitfahrer),Indigo,2340,1996,2011
168711907-4,Blue Valentine,Crimson,670,2002,2017
938115287-X,Walking Tall Part II,Yellow,84,1994,2013
552096622-2,"Glass Web The",Khaki,1379,1997,2018
388418305-2,Sunset Park,Maroon,489,2006,2013
483545396-4,Blue Gate Crossing (Lan se da men),Yellow,5200,2002,2013
057046616-4,Clean and Sober,Green,136,1994,2006
697009034-5,Dear Pillow,Violet,1353,2007,2006
596228206-X,Angel of Mine (a.k.a. The Mark of an Angel) (L'empreinte de l'ange),Goldenrod,3360,2009,2013
893819400-0,"Ice Harvest The",Mauv,10,2004,2015
992553002-4,Empty Nest (El nido vacío),Green,839,2000,2019
070772114-8,Baby Mama,Blue,606,2000,2013
475942643-4,Blast,Yellow,522,1992,2015
436789420-7,Vivere,Pink,15,2007,2001
858617343-6,Burning Palms,Mauv,320,2006,2000
293119834-X,"Kingdom II The (Riget II)",Purple,,2012,2012
621488956-X,"Last Seduction The",Red,5089,2011,2014
950319179-3,"True Story of Jesse James The",Purple,24,1997,0
856909872-3,Burrowing (Man tänker sitt),Yellow,0,2003,2010
424982039-4,Storage,Puce,42,1966,2005
544135371-6,"Tale of Two Cities A",Maroon,981,2001,2009
062675578-6,Crying Freeman,Crimson,5900,1992,2015
673144826-5,Underworld U.S.A.,Purple,245,2012,2004
195354908-X,In a Dark Place,Indigo,915,1998,2013
388845400-X,Ten Violent Women,Crimson,5089,2000,2013
696983575-8,Camp de Thiaroye,Fuscia,29,1996,2009
539447210-6,Big Hero 6,Turquoise,50,2001,2007
671618230-6,Holy Smoke,Aquamarine,147,2006,2015
700429781-0,"Big City The (Mahanagar)",Red,72,1994,2007
067572453-8,How They Get There,Puce,1421,2001,2020
658537845-8,Counter Investigation (Contre-enquête),Mauv,1301,1995,2015
068896244-0,Scent of a Woman,Teal,1345,1998,2014
828438938-X,Born to Defense (Zhong hua ying xiong),Maroon,1267,1991,2020
714486479-3,Flight 93,Orange,686,1995,2019
204743741-5,8 Mile,Red,44,1988,2020
648683074-3,Bright Future (Akarui mirai),Yellow,194,2000,2014
793728952-X,Thank Your Lucky Stars,Turquoise,1460,1998,2013
661184111-3,Adios Carmen,Yellow,492,2009,2017
258175527-X,Liberty,Mauv,432,2005,2017
469235306-6,Gridiron Gang,Green,9334,1989,2011
495224971-9,800 Bullets (800 Balas),Maroon,44,1960,2007
133568217-1,Mata Hari,Turquoise,350,1985,2013
654099898-8,Head-On (Gegen die Wand),Orange,509,1995,2006
373599647-7,Mediterraneo,Yellow,4288,2007,2019
941223936-X,Chasing Papi (a.k.a. Papi Chulo),Indigo,6450,2012,2009
800457018-6,"Clap You're Dead",Indigo,574,2006,2013
595439562-4,Evelyn,Pink,1245,2004,2016
215452897-X,Exiles (Exils),Purple,287,2008,2016
917154427-5,"Hitch Hikers Guide to the Galaxy The",Pink,1570,2004,2006
783980518-3,"Hidden Blade The (Kakushi ken oni no tsume)",Fuscia,4941,1984,2015
974263498-X,Bears,Goldenrod,25,2012,2011
798226673-8,A Run for Your Money,Green,598,2001,2010
990002725-6,"Beautiful Person The (La belle personne)",Puce,87,2005,2012
912142576-0,Margaret,Violet,22,2010,2018
218211588-9,"Low Down Dirty Shame A",Orange,2539,2006,2013
475779133-X,Withnail & I,Yellow,3579,1994,2011
290763656-1,House on Haunted Hill,Green,1063,2010,2017
526820751-2,"Old Dark House The",Crimson,204,2001,2013
097817752-5,The Seven-Ups,Pink,1904,2010,2011
726689052-7,"Raven The",Maroon,33,2003,2008
986122020-8,That's What I Am,Blue,1073,2007,2001
672441800-3,Simple Simon (I rymden finns inga känslor),Indigo,30,2010,2006
458503868-X,Japanese Summer: Double Suicide (Muri shinjû: Nihon no natsu),Crimson,15,2012,2011
939665328-4,Union Pacific,Crimson,62,1994,2015
336524295-3,Shouting Fire: Stories from the Edge of Free Speech,Purple,180,1993,2014
077901035-3,Hedda Gabler,Turquoise,474,1994,2012
124475132-4,Quantum of Solace,Turquoise,741,2002,2007
152103574-1,Android,Fuscia,19,2001,2003
421820338-5,"Doom Generation The",Teal,90,1993,2013
718227129-X,A Night for Dying Tigers,Fuscia,62,2010,2010
765402139-9,Crossing the Bridge,Blue,4106,2006,0
415272439-0,All of Me,Aquamarine,2280,1995,2014
150742990-8,Cold Storage,Teal,5585,2010,2013
204097750-3,Bears,Orange,517,1994,2003
957068739-8,Urban Cowboy,Crimson,614,2002,2006
013016539-5,Star Wars: Threads of Destiny,Violet,547,2011,2006
028239477-X,"Surrender Dorothy",Blue,40,1984,2020
656963091-1,Detective Story,Orange,3735,1999,2014
638379259-8,October Sky,Teal,540,1993,2020
152975722-3,"Agronomist The",Khaki,,1998,2020
857988372-5,"Public Eye The (Follow Me!)",Fuscia,14,1967,2010
402744453-1,Money Train,Purple,195,2012,2013
055510376-5,Deep End,Crimson,1437,1994,2007
405018769-8,Blank City,Orange,27,1992,2019
350392162-1,Dr. Ehrlich's Magic Bullet,Aquamarine,18,1999,0
677872178-2,Walking on Sunshine,Green,9205,1995,2012
821351296-0,Old Men in New Cars (Gamle mænd i nye biler),Blue,1260,2009,2020
020094887-3,Imaginary Heroes,Violet,1110,2003,0
795596875-1,Reasonable Doubt,Blue,,2011,2015
876194428-9,Cabin Boy,Mauv,193,2002,2018
587235848-2,Mutiny on the Bounty,Teal,1875,2011,2015
343149813-2,Foolproof,Mauv,53,2008,2007
461988870-2,35 and Ticking,Fuscia,151,1998,2010
390483213-1,Russia's Toughest Prisons (National Geographic),Aquamarine,3695,2001,2012
606241286-3,"Parisienne La (Une parisienne)",Puce,275,1992,2019
982660794-0,Himalaya (Himalaya - l'enfance d'un chef),Maroon,10,1996,2011
823136273-8,Mighty Joe Young,Purple,22,1993,2016
326845386-4,"Parent Trap The",Crimson,3206,1997,2008
702283459-8,"Dolly Sisters The",Aquamarine,516,2009,2016
723230779-9,Henry Poole is Here,Crimson,1181,2009,2020
389999317-9,Friend Zone (Pagafantas),Crimson,10,1996,2006
806891449-8,Playing by Heart,Pink,616,1999,0
535136309-7,"Green Hornet The",Mauv,1027,1996,2013
190190735-X,Death and the Maiden,Green,82,2011,2015
315700147-7,"Big Night The",Violet,2793,1990,2000
235156454-5,Thunder Bay,Indigo,0,1986,2016
208047230-5,"First Nudie Musical The",Yellow,289,1993,2018
999882192-4,Australia,Pink,121,1969,2017
456201272-2,Women in Love,Fuscia,4412,1987,2004
893064321-3,"Thirteen The (Trinadtsat)",Puce,,2006,2015
213741270-5,Grace Is Gone,Puce,10,1987,2004
191093427-5,Red Dawn,Crimson,101,2000,2017
898727141-2,Then I Sentenced Them All to Death (Atunci i-am condamnat pe toti la moarte),Puce,220,2000,2016
995328400-8,Ninja Scroll (Jûbei ninpûchô),Goldenrod,190,2007,2020
047315674-1,Star Wars: Episode IV - A New Hope,Mauv,670,1976,2009
137048288-4,"Chess Players The (Shatranj Ke Khilari)",Maroon,0,2005,2008
385685016-3,Car Bonus (Autobonus),Green,676,1996,2014
687692165-4,Russian Ark (Russkiy Kovcheg),Aquamarine,3951,2008,2016
102880171-8,"Frozen Dead The",Mauv,10,2007,2013
135884091-1,Shampoo,Turquoise,4733,2002,2016
544906793-3,"Heavenly Body The",Fuscia,181,2010,2012
776032375-1,Comradeship (Kameradschaft),Aquamarine,234,2005,0
986490456-6,"Babadook The",Blue,150,2002,2004
941100199-8,Cialo,Khaki,31,1965,2014
725356362-X,Mister Buddwing,Orange,1516,1998,2010
483019838-9,Tinseltown,Mauv,9,1993,2005
388433151-5,Somebody is Waiting,Puce,7014,2000,2004
754328411-1,"Crazies The",Purple,1827,2008,2004
076975393-0,Keep the River on Your Right: A Modern Cannibal Tale,Purple,2024,2012,2015
905576318-7,Halloween: Resurrection (Halloween 8),Green,75,2006,0
697805971-4,"Glass House The",Aquamarine,33,2006,2010
223571364-5,La Première étoile,Yellow,3735,2008,2013
202047107-8,Krabat,Violet,1605,1993,2004
170459652-1,Dead Man on Campus,Pink,316,2002,0
384171308-4,Mister Johnson,Blue,98,1992,2015
444451830-8,"Way of the Dragon The (a.k.a. Return of the Dragon) (Meng long guo jiang)",Crimson,18,2005,2012
039169270-4,Corn on the Cop,Orange,135,1995,2010
359044153-4,Six Days Seven Nights,Fuscia,20,2001,2018
863476730-2,Summer of '62 (Cartouches gauloises),Turquoise,33,1993,2014
001332751-8,"Perfect Crime The (Crimen Ferpecto) (Ferpect Crime)",Pink,2380,2008,2009
125370556-9,Paper Man,Fuscia,1195,1966,2014
375833247-8,Rugrats Go Wild!,Indigo,334,2012,2015
594771612-7,Il piccolo diavolo,Indigo,1390,1993,2016
518270668-5,Nutty Professor II: The Klumps,Yellow,692,2003,2016
081381219-4,Love Is a Many-Splendored Thing,Aquamarine,86,1992,0
911656370-0,World War II: When Lions Roared,Violet,348,1995,2015
997272592-8,Taxi 4,Green,656,2010,2014
696956935-7,Into the Wild,Violet,4,2012,0
881273280-1,Purpose,Green,50,2005,2006
